,Age,Score
count,3.0,3.0
mean,31.666666666666668,87.83333333333333
std,7.637626158259733,2.254624876411447
min,25.0,85.5
25%,27.5,86.75
50%,30.0,88.0
75%,35.0,89.0
max,40.0,90.0
